{"cameraMode":{"drawMode":0,"name":"Shaded","section":"Shading Mode"},"sceneLighting":false,"audioPlay":false,"sceneViewState":{"showFog":false,"showMaterialUpdate":false,"showSkybox":false,"showFlares":false,"showImageEffects":false,"showParticleSystems":false},"in2DMode":false,"pivot":{"x":2.572277784347534,"y":-5.284978866577148,"z":-0.4536895751953125},"rotation":{"x":0.2940732538700104,"y":0.09442389756441117,"z":-0.02920873649418354,"w":0.9506586790084839},"size":44.02236557006836,"orthographic":false}