{"cameraMode":{"drawMode":0,"name":"Shaded","section":"Shading Mode"},"sceneLighting":false,"audioPlay":false,"sceneViewState":{"showFog":false,"showMaterialUpdate":false,"showSkybox":false,"showFlares":false,"showImageEffects":false,"showParticleSystems":false},"in2DMode":false,"pivot":{"x":-0.444948673248291,"y":4.746946811676025,"z":-0.03679370880126953},"rotation":{"x":0.04324417561292648,"y":0.9362611770629883,"z":-0.1243104338645935,"w":0.3257174789905548},"size":18.027833938598634,"orthographic":false}