{"cameraMode":{"drawMode":0,"name":"Shaded","section":"Shading Mode"},"sceneLighting":false,"audioPlay":false,"sceneViewState":{"showFog":false,"showMaterialUpdate":false,"showSkybox":false,"showFlares":false,"showImageEffects":false,"showParticleSystems":false},"in2DMode":false,"pivot":{"x":-9.992523193359375,"y":5.302623748779297,"z":-12.231403350830079},"rotation":{"x":0.2584456503391266,"y":0.08680007606744766,"z":-0.023325661197304727,"w":0.961835503578186},"size":54.19532012939453,"orthographic":false}