{"cameraMode":{"drawMode":0,"name":"Shaded","section":"Shading Mode"},"sceneLighting":false,"audioPlay":false,"sceneViewState":{"showFog":false,"showMaterialUpdate":false,"showSkybox":false,"showFlares":false,"showImageEffects":false,"showParticleSystems":false},"in2DMode":false,"pivot":{"x":-1.3309565782546998,"y":2.295897960662842,"z":-0.427734375},"rotation":{"x":0.18660429120063783,"y":0.28842759132385256,"z":-0.05741690471768379,"w":0.9373855590820313},"size":11.909231185913086,"orthographic":false}