{"cameraMode":{"drawMode":0,"name":"Shaded","section":"Shading Mode"},"sceneLighting":false,"audioPlay":false,"sceneViewState":{"showFog":false,"showMaterialUpdate":false,"showSkybox":false,"showFlares":false,"showImageEffects":false,"showParticleSystems":false},"in2DMode":false,"pivot":{"x":0.8746175765991211,"y":3.013446807861328,"z":-3.7235565185546877},"rotation":{"x":0.27389785647392275,"y":-0.5348398685455322,"z":0.1885891705751419,"w":0.7767627835273743},"size":19.106189727783204,"orthographic":false}