{"cameraMode":{"drawMode":0,"name":"Shaded","section":"Shading Mode"},"sceneLighting":false,"audioPlay":false,"sceneViewState":{"showFog":false,"showMaterialUpdate":false,"showSkybox":false,"showFlares":false,"showImageEffects":false,"showParticleSystems":false},"in2DMode":false,"pivot":{"x":0.0000024437904357910158,"y":0.5891275405883789,"z":0.06247431039810181},"rotation":{"x":-0.19490720331668855,"y":-0.5814761519432068,"z":0.14600104093551637,"w":-0.7762605547904968},"size":3.6378703117370607,"orthographic":false}