{"cameraMode":{"drawMode":0,"name":"Shaded","section":"Shading Mode"},"sceneLighting":false,"audioPlay":false,"sceneViewState":{"showFog":false,"showMaterialUpdate":false,"showSkybox":false,"showFlares":false,"showImageEffects":false,"showParticleSystems":false},"in2DMode":false,"pivot":{"x":-4.9177327156066898,"y":1.6328887939453126,"z":-10.578132629394532},"rotation":{"x":0.20072048902511598,"y":-0.061671290546655658,"z":0.012659438885748387,"w":0.9776235818862915},"size":35.182430267333987,"orthographic":false}