{"cameraMode":{"drawMode":0,"name":"Shaded","section":"Shading Mode"},"sceneLighting":false,"audioPlay":false,"sceneViewState":{"showFog":false,"showMaterialUpdate":false,"showSkybox":false,"showFlares":false,"showImageEffects":false,"showParticleSystems":false},"in2DMode":false,"pivot":{"x":0.4307212829589844,"y":-3.297393798828125,"z":-3.6897125244140627},"rotation":{"x":0.2365250587463379,"y":-0.47481220960617068,"z":0.13417191803455354,"w":0.8370228409767151},"size":69.3724365234375,"orthographic":false}