{"cameraMode":{"drawMode":0,"name":"Shaded","section":"Shading Mode"},"sceneLighting":false,"audioPlay":false,"sceneViewState":{"showFog":false,"showMaterialUpdate":false,"showSkybox":false,"showFlares":false,"showImageEffects":false,"showParticleSystems":false},"in2DMode":false,"pivot":{"x":-0.10354161262512207,"y":0.8030695915222168,"z":3.1045026779174806},"rotation":{"x":0.3002636134624481,"y":-0.20949077606201173,"z":0.06777570396661759,"w":0.928095817565918},"size":20.533668518066408,"orthographic":false}