{"cameraMode":{"drawMode":0,"name":"Shaded","section":"Shading Mode"},"sceneLighting":false,"audioPlay":false,"sceneViewState":{"showFog":false,"showMaterialUpdate":false,"showSkybox":false,"showFlares":false,"showImageEffects":false,"showParticleSystems":false},"in2DMode":false,"pivot":{"x":-0.07868066430091858,"y":0.9387012124061585,"z":-0.23867610096931458},"rotation":{"x":0.05281012877821922,"y":0.5105942487716675,"z":-0.031442124396562579,"w":0.8576222658157349},"size":5.634763240814209,"orthographic":false}