{"cameraMode":{"drawMode":0,"name":"Shaded","section":"Shading Mode"},"sceneLighting":false,"audioPlay":false,"sceneViewState":{"showFog":false,"showMaterialUpdate":false,"showSkybox":false,"showFlares":false,"showImageEffects":false,"showParticleSystems":false},"in2DMode":false,"pivot":{"x":2.0332441329956056,"y":3.1785669326782228,"z":0.48279666900634768},"rotation":{"x":0.03662208095192909,"y":0.9596984386444092,"z":-0.14946499466896058,"w":0.23515528440475465},"size":18.314170837402345,"orthographic":false}