{"cameraMode":{"drawMode":0,"name":"Shaded","section":"Shading Mode"},"sceneLighting":false,"audioPlay":false,"sceneViewState":{"showFog":false,"showMaterialUpdate":false,"showSkybox":false,"showFlares":false,"showImageEffects":false,"showParticleSystems":false},"in2DMode":false,"pivot":{"x":1.036388874053955,"y":-6.284795761108398,"z":-1.1248455047607422},"rotation":{"x":0.30390334129333498,"y":0.12103866785764694,"z":-0.03895888850092888,"w":0.944179356098175},"size":47.01549530029297,"orthographic":false}