{"cameraMode":{"drawMode":0,"name":"Shaded","section":"Shading Mode"},"sceneLighting":false,"audioPlay":false,"sceneViewState":{"showFog":false,"showMaterialUpdate":false,"showSkybox":false,"showFlares":false,"showImageEffects":false,"showParticleSystems":false},"in2DMode":false,"pivot":{"x":6.218366622924805,"y":-6.718799591064453,"z":-1.3979835510253907},"rotation":{"x":0.2883422076702118,"y":-0.005744873080402613,"z":0.0017274660058319569,"w":0.9575086832046509},"size":48.78434371948242,"orthographic":false}