{"cameraMode":{"drawMode":0,"name":"Shaded","section":"Shading Mode"},"sceneLighting":false,"audioPlay":false,"sceneViewState":{"showFog":false,"showMaterialUpdate":false,"showSkybox":false,"showFlares":false,"showImageEffects":false,"showParticleSystems":false},"in2DMode":false,"pivot":{"x":-0.2763078808784485,"y":5.2092156410217289,"z":-4.317028999328613},"rotation":{"x":-0.2762557864189148,"y":0.22287294268608094,"z":-0.0660216212272644,"w":-0.9325510859489441},"size":11.524669647216797,"orthographic":false}