{"cameraMode":{"drawMode":0,"name":"Shaded","section":"Shading Mode"},"sceneLighting":false,"audioPlay":false,"sceneViewState":{"showFog":false,"showMaterialUpdate":false,"showSkybox":false,"showFlares":false,"showImageEffects":false,"showParticleSystems":false},"in2DMode":false,"pivot":{"x":-68.88941955566406,"y":81.594970703125,"z":234.31996154785157},"rotation":{"x":0.49858739972114565,"y":0.009102797135710717,"z":-0.005235543940216303,"w":0.8667758107185364},"size":1406.13818359375,"orthographic":false}