{"cameraMode":{"drawMode":0,"name":"Shaded","section":"Shading Mode"},"sceneLighting":false,"audioPlay":false,"sceneViewState":{"showFog":false,"showMaterialUpdate":false,"showSkybox":false,"showFlares":false,"showImageEffects":false,"showParticleSystems":false},"in2DMode":false,"pivot":{"x":0.3116452097892761,"y":0.33581605553627016,"z":1.8977253437042237},"rotation":{"x":0.2707403898239136,"y":-0.10944844782352448,"z":0.03099856898188591,"w":0.9559078812599182},"size":7.8563385009765629,"orthographic":false}