{"cameraMode":{"drawMode":0,"name":"Shaded","section":"Shading Mode"},"sceneLighting":false,"audioPlay":false,"sceneViewState":{"showFog":false,"showMaterialUpdate":false,"showSkybox":false,"showFlares":false,"showImageEffects":false,"showParticleSystems":false},"in2DMode":false,"pivot":{"x":503.35858154296877,"y":374.7117919921875,"z":92.3236083984375},"rotation":{"x":0.05189916864037514,"y":0.1477516144514084,"z":-0.007768067065626383,"w":0.9876313209533691},"size":705.7720336914063,"orthographic":false}