{"cameraMode":{"drawMode":0,"name":"Shaded","section":"Shading Mode"},"sceneLighting":false,"audioPlay":false,"sceneViewState":{"showFog":false,"showMaterialUpdate":false,"showSkybox":false,"showFlares":false,"showImageEffects":false,"showParticleSystems":false},"in2DMode":false,"pivot":{"x":9.096918106079102,"y":4.501964092254639,"z":13.268693923950196},"rotation":{"x":0.06298428028821945,"y":0.2661607563495636,"z":-0.017430806532502176,"w":0.9617108106613159},"size":46.44443130493164,"orthographic":false}