{"cameraMode":{"drawMode":0,"name":"Shaded","section":"Shading Mode"},"sceneLighting":false,"audioPlay":false,"sceneViewState":{"showFog":false,"showMaterialUpdate":false,"showSkybox":false,"showFlares":false,"showImageEffects":false,"showParticleSystems":false},"in2DMode":false,"pivot":{"x":3.268095016479492,"y":-4.3908562660217289,"z":-7.3169097900390629},"rotation":{"x":0.29489246010780337,"y":-0.17220106720924378,"z":0.05411599203944206,"w":0.9383265376091003},"size":47.706329345703128,"orthographic":false}