{"cameraMode":{"drawMode":0,"name":"Shaded","section":"Shading Mode"},"sceneLighting":false,"audioPlay":false,"sceneViewState":{"showFog":false,"showMaterialUpdate":false,"showSkybox":false,"showFlares":false,"showImageEffects":false,"showParticleSystems":false},"in2DMode":false,"pivot":{"x":4.645158767700195,"y":3.357935905456543,"z":-0.45998382568359377},"rotation":{"x":0.04270197078585625,"y":0.7933234572410584,"z":-0.05602424964308739,"w":0.6047113537788391},"size":24.892807006835939,"orthographic":false}