{"cameraMode":{"drawMode":0,"name":"Shaded","section":"Shading Mode"},"sceneLighting":false,"audioPlay":false,"sceneViewState":{"showFog":false,"showMaterialUpdate":false,"showSkybox":false,"showFlares":false,"showImageEffects":false,"showParticleSystems":false},"in2DMode":false,"pivot":{"x":-0.3147226572036743,"y":3.771177291870117,"z":-0.9547044038772583},"rotation":{"x":0.3439301550388336,"y":-0.46215197443962099,"z":0.2005900740623474,"w":0.7923959493637085},"size":37.60698699951172,"orthographic":false}