{"cameraMode":{"drawMode":0,"name":"Shaded","section":"Shading Mode"},"sceneLighting":false,"audioPlay":false,"sceneViewState":{"showFog":false,"showMaterialUpdate":false,"showSkybox":false,"showFlares":false,"showImageEffects":false,"showParticleSystems":false},"in2DMode":false,"pivot":{"x":0.0,"y":2.426114320755005,"z":0.11535763740539551},"rotation":{"x":-0.02788713574409485,"y":0.20544181764125825,"z":-0.005857896525412798,"w":-0.9782544374465942},"size":13.317630767822266,"orthographic":true}