{"cameraMode":{"drawMode":0,"name":"Shaded","section":"Shading Mode"},"sceneLighting":false,"audioPlay":false,"sceneViewState":{"showFog":false,"showMaterialUpdate":false,"showSkybox":false,"showFlares":false,"showImageEffects":false,"showParticleSystems":false},"in2DMode":false,"pivot":{"x":12.360493659973145,"y":0.05764198303222656,"z":-15.990571975708008},"rotation":{"x":0.27636364102363589,"y":-0.056181736290454867,"z":0.01618140935897827,"w":0.9592731595039368},"size":27.102603912353517,"orthographic":false}