{"cameraMode":{"drawMode":0,"name":"Shaded","section":"Shading Mode"},"sceneLighting":false,"audioPlay":false,"sceneViewState":{"showFog":false,"showMaterialUpdate":false,"showSkybox":false,"showFlares":false,"showImageEffects":false,"showParticleSystems":false},"in2DMode":false,"pivot":{"x":-6.849723815917969,"y":3.343062162399292,"z":8.056377410888672},"rotation":{"x":0.218682661652565,"y":0.01756344363093376,"z":-0.003938562702387571,"w":0.9756300449371338},"size":54.03080749511719,"orthographic":false}