{"cameraMode":{"drawMode":0,"name":"Shaded","section":"Shading Mode"},"sceneLighting":false,"audioPlay":false,"sceneViewState":{"showFog":false,"showMaterialUpdate":false,"showSkybox":false,"showFlares":false,"showImageEffects":false,"showParticleSystems":false},"in2DMode":false,"pivot":{"x":603.525634765625,"y":360.26605224609377,"z":0.9974365234375},"rotation":{"x":0.023996932432055475,"y":0.010497864335775376,"z":-0.00025460313190706074,"w":0.9996569156646729},"size":899.2033081054688,"orthographic":false}