{"cameraMode":{"drawMode":0,"name":"Shaded","section":"Shading Mode"},"sceneLighting":false,"audioPlay":false,"sceneViewState":{"showFog":false,"showMaterialUpdate":false,"showSkybox":false,"showFlares":false,"showImageEffects":false,"showParticleSystems":false},"in2DMode":false,"pivot":{"x":-0.0028415918350219728,"y":1.8480944633483887,"z":0.42029571533203127},"rotation":{"x":-0.008494209498167038,"y":0.5879002809524536,"z":0.00617168890312314,"w":0.8088653087615967},"size":13.186002731323243,"orthographic":false}