{"cameraMode":{"drawMode":0,"name":"Shaded","section":"Shading Mode"},"sceneLighting":false,"audioPlay":false,"sceneViewState":{"showFog":false,"showMaterialUpdate":false,"showSkybox":false,"showFlares":false,"showImageEffects":false,"showParticleSystems":false},"in2DMode":false,"pivot":{"x":-3.241062641143799,"y":-0.9481410980224609,"z":0.8456211090087891},"rotation":{"x":0.22417278587818147,"y":-0.16570617258548737,"z":0.038711585104465488,"w":0.9595777988433838},"size":20.597673416137697,"orthographic":false}