{"cameraMode":{"drawMode":0,"name":"Shaded","section":"Shading Mode"},"sceneLighting":false,"audioPlay":false,"sceneViewState":{"showFog":false,"showMaterialUpdate":false,"showSkybox":false,"showFlares":false,"showImageEffects":false,"showParticleSystems":false},"in2DMode":false,"pivot":{"x":-0.000004887580871582031,"y":3.0582547187805177,"z":-0.12494862079620362},"rotation":{"x":-0.23899950087070466,"y":0.03552240505814552,"z":-0.008747969754040242,"w":-0.9703302979469299},"size":16.875743865966798,"orthographic":false}